exchange ask,price ask,exchange bid,price bid,profit
poloniex,49334.61,oceanex,49893.95,1.13
poloniex,49549.99,oceanex,50218.15,1.35
poloniex,49535.14,oceanex,50218.15,1.38
poloniex,49599.99,oceanex,50218.15,1.25
poloniex,49600.0,oceanex,50212.53,1.23
poloniex,49735.0,oceanex,50206.91,0.95
yobit,49835.0,coinlist,50305.43,0.94
poloniex,49805.01,coinlist,50259.23,0.91
yobit,49834.99999899,coinlist,50323.47,0.98
yobit,49834.99999899,coinlist,50393.85,1.12
poloniex,49944.0,coinlist,50319.43,0.75
yobit,49900.0,coinlist,50322.47,0.85
poloniex,49821.9,coinlist,50190.8,0.74
poloniex,49826.46,coinlist,50211.79,0.77
oceanex,49569.63,coinlist,50087.49,1.04
oceanex,49549.11,indodax,49952.75,0.81
oceanex,49745.31,latoken,49975.93,0.46
poloniex,49789.29,binanceus,49972.05,0.37
coinsph,49899.99,gate,50007.5,0.22
oceanex,49613.07,huobi,50071.41,0.92
oceanex,49613.07,binance,49972.08,0.72
oceanex,49613.07,bitrue,50066.07,0.91
oceanex,49889.44,cryptocom,50058.99,0.34
coinsph,49899.99,okx,50019.3,0.24
coinsph,49899.0,gateio,50035.5,0.27
coinsph,49899.0,bybit,49992.85,0.19
coinsph,49898.99,oceanex,49951.46,0.11
oceanex,49833.08,deribit,49930.97,0.2
oceanex,49833.08,whitebit,49937.71,0.21
coinsph,49898.99,coinlist,50022.3,0.25
bitfinex,49943.0,bitmart,49999.98,0.11
coinsph,49898.99,coinlist,50133.99,0.47
coinsph,49898.99,oceanex,50052.02,0.31
coinsph,49898.99,oceanex,50010.58,0.22
coinsph,49898.99,gateio,50035.4,0.27
coinsph,49898.99,indodax,50000.0,0.2
coinsph,49898.99,coinbasepro,50054.12,0.31
coinsph,49898.99,oceanex,50245.33,0.69
coinsph,49898.99,bitcoincom,50144.86,0.49
coinsph,49899.0,oceanex,50158.41,0.52
coinsph,49899.0,oceanex,50428.82,1.06
coinsph,49899.0,oceanex,50557.76,1.32
coinsph,49899.0,oceanex,50209.09,0.62
coinsph,49899.0,oceanex,50332.28,0.87
coinsph,49899.0,oceanex,50230.06,0.66
coinsph,49899.0,oceanex,50369.24,0.94
coinsph,49899.0,binanceus,50142.68,0.49
coinsph,49899.0,oceanex,50119.71,0.44
coinsph,49899.0,kucoin,50159.9,0.52
coinsph,49898.0,bitget,50131.08,0.47
coinsph,49898.0,coinlist,50112.95,0.43
coinsph,49895.0,gemini,50150.9,0.51
coinsph,49894.0,wazirx,50200.0,0.61
coinsph,49894.0,bequant,50064.59,0.34
oceanex,49964.4,coinlist,50203.56,0.48
oceanex,49964.4,coinlist,50137.74,0.35
oceanex,49964.4,coinlist,50150.62,0.37
zonda,49949.97366,coinlist,50091.09,0.28
zonda,49943.283975,coinlist,50129.27,0.37
exmo,49919.99,coinlist,50093.38,0.35
exmo,49929.99,coinlist,50120.05,0.38
oceanex,49939.75,coinlist,50157.86,0.44
oceanex,49939.75,coinlist,50200.94,0.52
oceanex,49939.75,coinlist,50201.46,0.52
oceanex,49939.75,coinlist,50195.77,0.51
zonda,49909.145652,coinlist,50146.13,0.47
zonda,49884.855,coinlist,50071.81,0.37
yobit,49858.20115688,coinlist,50050.05,0.38
oceanex,49895.65,coinlist,50090.5,0.39
oceanex,49895.65,coinlist,50092.39,0.39
oceanex,49895.65,coinlist,50089.93,0.39
oceanex,49895.65,coinlist,50164.05,0.54
zonda,49977.997043,coinlist,50153.03,0.35
oceanex,49895.65,coinlist,50142.37,0.49
oceanex,49852.29,coinlist,50203.34,0.7
oceanex,49749.91,coinlist,50242.34,0.99
oceanex,49749.91,coinlist,50224.39,0.95
oceanex,49749.91,coinlist,50234.69,0.97
oceanex,49749.91,coinlist,50233.52,0.97
oceanex,49749.91,coinlist,50148.9,0.8
oceanex,49749.91,coinlist,50134.6,0.77
oceanex,49749.91,coinlist,50185.45,0.88
oceanex,49749.91,coinlist,50189.86,0.88
oceanex,49749.91,coinlist,50218.76,0.94
oceanex,49749.91,coinlist,50182.58,0.87
oceanex,49749.91,coinlist,50180.59,0.87
yobit,49989.32564279,coinlist,50250.91,0.52
oceanex,49970.5,coinlist,50299.22,0.66
yobit,49989.0,coinlist,50252.96,0.53
yobit,49989.0,coinlist,50233.78,0.49
oceanex,49603.03,coinlist,50152.55,1.11
yobit,49989.0,coinlist,50188.74,0.4
oceanex,49707.24,coinlist,50166.78,0.92
oceanex,49582.57,bequant,50045.3,0.93
zonda,49868.325655,coinlist,50029.0,0.32
poloniex,49797.99,indodax,50011.000008,0.43
poloniex,49759.49,coinlist,50015.62,0.51
poloniex,49682.7,indodax,49962.120006,0.56
bitcoincom,49669.06,coinlist,49844.27,0.35
poloniex,49778.55,coinlist,49919.17,0.28
poloniex,49778.55,coinlist,49918.03,0.28
poloniex,49771.05,coinlist,49983.84,0.43
poloniex,49798.3,coinlist,50063.68,0.53
poloniex,49859.4,coinlist,50071.11,0.42
poloniex,49803.6,coinlist,50044.22,0.48
poloniex,49812.2,coinlist,50040.82,0.46
poloniex,49806.4,coinlist,50061.09,0.51
htx,49852.23,coinlist,49977.08,0.25
indodax,49800.000002,coinlist,50016.93,0.44
indodax,49800.000002,coinlist,50027.88,0.46
zonda,49780.6308,coinlist,49975.01,0.39
bitbay,49793.87099,coinlist,49908.27,0.23
bitmex,49805.0,coinlist,49966.3,0.32
bitmex,49805.0,coinlist,50019.35,0.43
poloniex,49832.09,coinlist,49942.22,0.22
zonda,49806.327162,coinlist,49974.18,0.34
hitbtc3,49587.0,coinlist,49840.73,0.51
hitbtc3,49218.16,coinlist,49711.26,1.0
ascendex,49415.0,coinlist,49647.06,0.47
bigone,49428.77,whitebit,49840.58,0.83
indodax,49500.120004,binance,49804.78,0.62
tokocrypto,49490.01,coinlist,49651.73,0.33
whitebit,49048.96,indodax,49500.0,0.92
binance,49112.35,indodax,49400.0,0.59
cryptocom,48436.95,bequant,49097.64,1.36
exmo,48726.6,zonda,49131.055,0.83
whitebit,48962.88,bequant,49149.44,0.38
poloniex,48791.56,coinlist,49045.87,0.52
whitebit,48700.3,bigone,48862.19,0.33
huobi,48657.69,coinlist,48886.93,0.47
zonda,48657.351433,binance,48856.97,0.41
kraken,48485.8,coinlist,48715.13,0.47
bitmart,48492.75,okx,48785.7,0.6
binance,48732.66,hitbtc,48959.11,0.46
indodax,48800.0,hitbtc,49000.96,0.41
huobi,48775.19,coinlist,48998.4,0.46
kucoin,48787.9,coinlist,48896.34,0.22
phemex,48715.83,coinlist,48881.32,0.34
huobi,48709.02,whitebit,48813.05,0.21
tokocrypto,48690.85,coinlist,48914.64,0.46
poloniex,48638.18,coinlist,48732.8,0.19
p2b,48644.15,coinlist,48810.35,0.34
ascendex,48661.19,tokocrypto,48835.42,0.36
indodax,48700.0,bingx,48852.81,0.31
bybit,48614.05,bequant,48704.16,0.19
bitrue,48519.31,wazirx,48687.0,0.35
kucoin,48521.9,indodax,48650.0,0.26
bitfinex2,48471.0,wazirx,48555.0,0.17
whitebit,48381.02,wazirx,48555.0,0.36
ascendex,48381.13,kucoin,48538.2,0.32
bequant,48536.73,hitbtc3,48626.33,0.18
bitmex,48539.0,whitebit,48631.38,0.19
bitbay,48590.0,okx,48755.1,0.34
wazirx,48687.0,whitebit,48840.06,0.31
indodax,48699.0,huobi,48858.23,0.33
indodax,48502.0,okx,48874.4,0.77
indodax,48700.0,kucoin,48964.7,0.54
bitbay,48921.0,coinlist,49157.56,0.48
indodax,48799.0,coinlist,49059.89,0.53
bitbay,48950.158588,htx,49160.02,0.43
bitbay,49000.0,coinlist,49235.36,0.48
bitbay,49103.314432,coinlist,49258.93,0.32
zonda,49093.329442,coinlist,49314.83,0.45
bitmex,49063.0,binanceus,49170.0,0.22
bitmex,49081.0,coinlist,49169.29,0.18
huobi,48962.97,coinlist,49101.93,0.28
wazirx,48937.0,hitbtc,49074.04,0.28
bitstamp,48928.0,huobi,49048.83,0.25
bingx,49007.55,whitebit,49126.02,0.24
bitbay,49080.0,p2b,49248.26,0.34
indodax,49156.449992,bitmart,49261.2,0.21
latoken,49136.0,coinlist,49277.44,0.29
huobi,48993.72,bitget,49202.39,0.43
zonda,49010.0,coinlist,49082.29,0.15
bingx,49079.44,tokocrypto,49183.98,0.21
indodax,49156.449992,coinbasepro,49221.24,0.13
tokocrypto,49090.11,bingx,49221.85,0.27
bitcoincom,49092.25,deribit,49167.48,0.15
bybit,49135.9,whitebit,49242.07,0.22
indodax,49156.449992,oceanex,49452.44,0.6
indodax,49156.449992,coinlist,49533.47,0.77
indodax,49156.449992,binanceus,49473.21,0.64
indodax,49156.449992,ascendex,49439.01,0.57
indodax,49344.949996,tokocrypto,49571.46,0.46
indodax,49344.949996,fmfwio,49649.99,0.62
indodax,49344.949996,okx,49697.1,0.71
zonda,49563.984526,gate,49705.5,0.29
htx,49473.69,binanceus,49597.08,0.25
zonda,49444.138929,bigone,49621.51,0.36
latoken,49362.0,coinlist,49500.24,0.28
bequant,49392.71,coinlist,49510.04,0.24
tokocrypto,49405.2,gemini,49567.45,0.33
btcalpha,49439.97,coinlist,49549.34,0.22
bitbay,49482.594856,kucoin,49537.6,0.11
zonda,49449.933452,binanceus,49576.71,0.26
zonda,49449.933452,coinlist,49590.3,0.28
tokocrypto,49391.12,binanceus,49527.27,0.28
bequant,49361.14,indodax,49500.0,0.28
fmfwio,49417.23,indodax,49500.0,0.17
bequant,49439.53,coinlist,49528.91,0.18
zonda,49449.933452,coinlist,49574.6,0.25
zonda,49449.933452,coinlist,49608.95,0.32
bitbay,49449.933452,latoken,49651.09,0.41
bitbay,49547.106613,whitebit,49768.55,0.45
indodax,49600.0,bigone,49744.86,0.29
mexc,49584.37,cryptocom,49696.2,0.23
bigone,49597.36,binance,49639.35,0.08
wazirx,48957.0,coinlist,49630.13,1.37
wazirx,48957.0,coinlist,49589.83,1.29
wazirx,48957.0,gemini,49535.76,1.18
wazirx,48957.0,binance,49538.41,1.19
wazirx,48957.0,indodax,49500.0,1.11
wazirx,48957.0,okx,49547.9,1.21
wazirx,48957.0,coinlist,49541.28,1.19
htx,49403.66,coinlist,49502.1,0.2
htx,49431.44,coinlist,49564.91,0.27
htx,49393.82,indodax,49500.0,0.21
whitebit,49406.78,btcalpha,49500.8,0.19
bitbay,49349.395923,indodax,49500.0,0.31
bitbay,49381.660812,indodax,49500.0,0.24
zonda,49334.083042,indodax,49500.0,0.34
bitbay,49347.300202,indodax,49500.0,0.31
bitbay,49359.109534,indodax,49500.0,0.29
gate,49375.3,indodax,49500.0,0.25
bitbay,49435.76005,coinlist,49530.59,0.19
coinex,49426.4,indodax,49500.0,0.15
zonda,49397.314135,coinlist,49505.69,0.22
bequant,49417.71,coinlist,49502.62,0.17
bitbay,49447.040696,coinlist,49504.11,0.12
bitbay,49455.913215,coinlist,49554.01,0.2
binanceus,49470.0,coinlist,49586.55,0.24
zonda,49454.349185,coinlist,49538.6,0.17
bitbay,49457.912811,whitebit,49548.34,0.18
bitmex,49480.0,phemex,49565.0,0.17
bitbay,49500.729401,whitebit,49609.28,0.22
bitmex,49560.0,phemex,49660.0,0.2
zonda,49528.994097,phemex,49633.0,0.21
bitbay,49533.545006,phemex,49624.01,0.18
zonda,49474.465302,phemex,49605.26,0.26
zonda,49467.683497,phemex,49581.0,0.23
bitbay,49470.808554,phemex,49581.0,0.22
zonda,49473.915588,coinlist,49573.21,0.2
bitbay,49482.396599,whitebit,49573.28,0.18
bitmex,49498.0,coinlist,49606.42,0.22
zonda,49460.357986,coinlist,49602.44,0.29
zonda,49359.778402,indodax,49500.0,0.28
latoken,49231.4,indodax,49500.0,0.55
bitbay,49265.942574,indodax,49500.0,0.48
bitcoincom,49323.04,indodax,49500.0,0.36
zonda,49351.725948,indodax,49500.0,0.3
bitbay,49354.996193,wazirx,49512.0,0.32
bitbay,49407.894872,wazirx,49512.0,0.21
bitmex,49396.0,wazirx,49512.0,0.23
bitmex,49396.0,wazirx,49512.0,0.23
wazirx,49429.0,hitbtc,49574.95,0.3
bitbay,49490.520146,okx,49548.1,0.12
indodax,49500.0,gateio,49633.1,0.27
yobit,49387.20315243,phemex,49576.0,0.38
yobit,49387.20315243,whitebit,49571.72,0.37
yobit,49387.20315243,gate,49640.6,0.51
yobit,49387.20315243,cryptocom,49636.99,0.51
indodax,49500.0,digifinex,49634.25,0.27
indodax,49500.0,bequant,49596.57,0.2
indodax,49500.0,cryptocom,49625.63,0.25
indodax,49500.0,cryptocom,49595.86,0.19
indodax,49500.0,okx,49625.3,0.25
indodax,49500.0,tokocrypto,49699.99,0.4
bitbay,49649.0,huobi,49854.61,0.41
bingx,49753.45,mexc,49863.02,0.22
indodax,49697.689996,whitebit,49860.96,0.33
indodax,49697.689996,htx,49872.25,0.35
bitbay,49785.789498,huobi,50801.61,2.04
bitbay,50830.246529,okx,51269.9,0.86
luno,51099.99,kucoin,51468.2,0.72
luno,51100.0,bitrue,51661.3,1.1
coinsph,51387.99,whitebit,51633.68,0.48
coinsph,51387.99,oceanex,51703.64,0.61
coinsph,51387.99,okx,51767.7,0.74
yobit,51632.9025761,bybit,51835.02,0.39
yobit,51632.9025761,gemini,51811.41,0.35
bitbay,51726.280861,mexc,51887.99,0.31
wazirx,51740.0,bequant,51866.48,0.24
zonda,51712.239631,bigone,51810.09,0.19
yobit,51544.02322273,gateio,51798.3,0.49
yobit,51544.02322273,coinlist,51888.43,0.67
yobit,51544.02322273,coinlist,51897.94,0.69
bitmex,51831.5,tokocrypto,52065.99,0.45
luno,51988.57,bybit,52349.54,0.69
luno,51994.99,tokocrypto,52381.95,0.74
luno,51994.99,bitstamp,52495.0,0.96
luno,51995.0,indodax,52440.0,0.86
luno,51994.99,indodax,52440.0,0.86
luno,51994.99,indodax,52440.0,0.86
luno,51994.99,indodax,52440.0,0.86
luno,51994.57,binanceus,52137.87,0.28
exmo,51950.01,binanceus,52134.92,0.36
whitebit,51855.01,bitmart,52011.09,0.3
tokocrypto,51726.2,bitfinex,51945.0,0.42
ascendex,51793.54,bybit,51906.77,0.22
gateio,51794.0,whitebit,51946.38,0.29
htx,51837.15,ascendex,51935.99,0.19
bequant,51871.34,whitebit,52006.88,0.26
bequant,51964.6,tokocrypto,52105.28,0.27
luno,51989.9,digifinex,52100.2,0.21
luno,51989.36,bitstamp,52197.0,0.4
luno,51988.87,bitmart,52107.99,0.23
luno,51994.99,bitmex,52095.0,0.19
luno,51995.0,coinbasepro,52213.36,0.42
luno,51994.99,bitget,52179.74,0.36
yobit,52000.92799644,digifinex,52176.89,0.34
yobit,52000.0,indodax,52150.0,0.29
yobit,52000.0,indodax,52150.0,0.29
yobit,52000.0,whitebit,52173.96,0.33
yobit,52000.0,huobi,52190.55,0.37
coinsph,52011.83,mexc,52289.89,0.53
coinsph,52011.83,bequant,52277.31,0.51
coinsph,52011.83,whitebit,52376.83,0.7
coinsph,52011.83,bigone,52377.56,0.7
coinsph,52011.83,bitmex,52345.5,0.64
coinsph,52011.83,gate,52354.3,0.66
coinsph,52011.83,ascendex,52309.7,0.57
coinsph,52011.83,bitmex,52279.0,0.51
coinsph,52011.83,bitmex,52279.0,0.51
coinsph,52011.83,latoken,52299.12,0.55
coinsph,52011.83,binance,52282.0,0.52
coinsph,52011.83,whitebit,52310.3,0.57
coinsph,52011.83,bingx,52363.95,0.68
coinsph,52011.83,coinbasepro,52283.07,0.52
coinsph,52011.83,bitmex,52199.0,0.36
coinsph,52011.83,wazirx,52323.0,0.6
coinsph,52011.83,wazirx,52323.0,0.6
zonda,52131.787335,bitmex,52206.0,0.14
exmo,52095.05,bitmex,52206.0,0.21
hitbtc3,52000.03,indodax,52151.180004,0.29
zonda,51951.933829,indodax,52151.180004,0.38
zonda,51873.297735,indodax,52000.0,0.24
bitget,51823.81,indodax,52000.000004,0.34
zonda,51850.001,indodax,52000.000004,0.29
bigone,51856.55,indodax,52000.000004,0.28
zonda,51852.580838,indodax,52001.0,0.29
huobi,51846.91,indodax,51999.999996,0.3
bitfinex,51880.0,indodax,52000.0,0.23
coinex,51965.7,bitfinex2,52031.0,0.13
bequant,51993.4,kraken,52077.2,0.16
bybit,51940.01,bitmex,52045.0,0.2
bequant,51963.84,bitmart,52019.07,0.11
ascendex,52017.28,whitebit,52090.84,0.14
phemex,52064.95,wazirx,52118.0,0.1
coinex,52014.05,binance,52074.95,0.12
tokocrypto,51921.02,bitmex,52054.0,0.26
okx,51663.3,binanceus,51960.0,0.57
ascendex,51702.34,indodax,51898.48,0.38
binance,51737.46,indodax,51898.48,0.31
kucoin,51666.6,bitmart,51791.08,0.24
bingx,51650.17,tokocrypto,51754.0,0.2
bingx,51736.79,huobi,51847.25,0.21
bitbay,51750.0,digifinex,51908.99,0.31
yobit,51777.0,deribit,51981.9,0.4
yobit,51777.0,bitmex,51963.0,0.36
yobit,51777.0,kraken,51912.7,0.26
yobit,51777.0,bitget,51933.92,0.3
yobit,51777.0,coinbasepro,51952.7,0.34
yobit,51777.0,cryptocom,51987.09,0.41
yobit,51777.0,fmfwio,51946.48,0.33
yobit,51777.0,whitebit,52231.14,0.88
yobit,52017.62771184,gate,52247.8,0.44
yobit,52017.62771184,wazirx,52215.0,0.38
yobit,52017.62771184,wazirx,52259.0,0.46
yobit,52017.62771184,wazirx,52259.0,0.46
yobit,52017.62771184,wazirx,52259.0,0.46
yobit,52017.62771184,whitebit,52222.75,0.39
yobit,52017.62771184,bitcoincom,52258.18,0.46
yobit,52017.62771184,mexc,52271.79,0.49
yobit,52017.62771184,bitrue,52305.18,0.55
yobit,52017.62771184,bitmex,52260.0,0.47
yobit,52017.62771184,okx,52227.5,0.4
yobit,52017.62771184,wazirx,52374.0,0.69
yobit,52017.62771184,wazirx,52374.0,0.69
yobit,52222.0,wazirx,52374.0,0.29
yobit,52222.0,wazirx,52374.0,0.29
yobit,52222.0,wazirx,52374.0,0.29
yobit,52222.0,wazirx,52374.0,0.29
yobit,52222.0,wazirx,52374.0,0.29
bitmex,52230.5,luno,52498.0,0.51
gateio,52180.3,bequant,52465.15,0.55
digifinex,52224.87,kucoin,52321.4,0.18
htx,52214.5,bitrue,52287.78,0.14
btcalpha,52227.47,whitebit,52360.76,0.26
coinsph,52300.0,digifinex,52490.19,0.36
gateio,52202.0,bequant,52371.58,0.32
hitbtc,52090.11,indodax,52350.5,0.5
coinsph,51992.82,indodax,52350.5,0.69
coinlist,52200.0,whitebit,52418.49,0.42
bitcoincom,52280.12,okx,52404.1,0.24
mexc,52280.01,bingx,52425.94,0.28
fmfwio,52270.69,wazirx,52400.0,0.25
coinlist,52200.0,indodax,52350.500004,0.29
okx,52200.7,indodax,52350.500004,0.29
bitcoincom,52208.78,indodax,52350.500004,0.27
kuna,52064.48,indodax,52350.500004,0.55
mexc,52094.01,indodax,52350.0,0.49
bequant,52139.51,indodax,52350.0,0.4
bequant,52218.51,indodax,52350.0,0.25
zonda,52100.0,indodax,52350.0,0.48
btcalpha,52098.33,indodax,52350.0,0.48
bitbay,52100.0,indodax,52350.0,0.48
bitget,52144.66,indodax,52350.0,0.39
yobit,52293.74507841,whitebit,52713.22,0.8
luno,52498.0,coinbasepro,52765.05,0.51
luno,52498.0,hitbtc,52686.81,0.36
luno,52498.0,okx,52803.1,0.58
luno,52498.0,indodax,52802.0,0.58
huobi,52248.79,bitfinex,52646.0,0.76
coinlist,52300.0,coinbasepro,52512.13,0.41
p2b,52269.18,indodax,52501.0,0.44
tokocrypto,52204.0,indodax,52501.0,0.57
p2b,51760.36,btcalpha,52240.0,0.93
ascendex,51838.96,coinbasepro,52030.23,0.37
gateio,51810.6,indodax,51989.86,0.35
bequant,51808.09,gateio,51991.1,0.35
coinlist,51850.0,mexc,51998.28,0.29
okx,51753.9,indodax,51989.86,0.46
digifinex,51757.26,whitebit,51961.12,0.39
bitmex,51926.5,latoken,52199.99,0.53
bequant,52130.58,oceanex,52369.82,0.46
hitbtc,52163.1,binance,52314.0,0.29
bequant,52276.31,bitrue,52365.98,0.17
okx,52200.9,cryptocom,52353.17,0.29
digifinex,52190.73,okx,52273.9,0.16
phemex,52194.01,bitmart,52313.98,0.23
yobit,52000.0,huobi,52263.64,0.51
bitmex,52226.0,kraken,52311.1,0.16
fmfwio,52117.62,bitget,52267.31,0.29
whitebit,52164.53,bingx,52242.0,0.15
huobi,52055.01,bitget,52210.96,0.3
bitmex,52050.0,gate,52151.4,0.19
bitget,51930.46,yobit,52090.0,0.31
htx,51856.69,bingx,52029.25,0.33
bitget,51836.45,luno,52000.0,0.32
bitmex,51900.0,mexc,52051.09,0.29
hitbtc,51973.22,whitebit,52036.08,0.12
poloniex,49334.61,oceanex,49893.95,1.13
poloniex,49549.99,oceanex,50218.15,1.35
poloniex,49535.14,oceanex,50218.15,1.38
poloniex,49599.99,oceanex,50218.15,1.25
poloniex,49600.0,oceanex,50212.53,1.23
poloniex,49735.0,oceanex,50206.91,0.95
yobit,49835.0,coinlist,50305.43,0.94
poloniex,49805.01,coinlist,50259.23,0.91
yobit,49834.99999899,coinlist,50323.47,0.98
yobit,49834.99999899,coinlist,50393.85,1.12
poloniex,49944.0,coinlist,50319.43,0.75
yobit,49900.0,coinlist,50322.47,0.85
poloniex,49821.9,coinlist,50190.8,0.74
poloniex,49826.46,coinlist,50211.79,0.77
oceanex,49569.63,coinlist,50087.49,1.04
oceanex,49549.11,indodax,49952.75,0.81
oceanex,49745.31,latoken,49975.93,0.46
poloniex,49789.29,binanceus,49972.05,0.37
coinsph,49899.99,gate,50007.5,0.22
oceanex,49613.07,huobi,50071.41,0.92
oceanex,49613.07,binance,49972.08,0.72
oceanex,49613.07,bitrue,50066.07,0.91
oceanex,49889.44,cryptocom,50058.99,0.34
coinsph,49899.99,okx,50019.3,0.24
coinsph,49899.0,gateio,50035.5,0.27
coinsph,49899.0,bybit,49992.85,0.19
coinsph,49898.99,oceanex,49951.46,0.11
oceanex,49833.08,deribit,49930.97,0.2
oceanex,49833.08,whitebit,49937.71,0.21
coinsph,49898.99,coinlist,50022.3,0.25
bitfinex,49943.0,bitmart,49999.98,0.11
coinsph,49898.99,coinlist,50133.99,0.47
coinsph,49898.99,oceanex,50052.02,0.31
coinsph,49898.99,oceanex,50010.58,0.22
coinsph,49898.99,gateio,50035.4,0.27
coinsph,49898.99,indodax,50000.0,0.2
coinsph,49898.99,coinbasepro,50054.12,0.31
coinsph,49898.99,oceanex,50245.33,0.69
coinsph,49898.99,bitcoincom,50144.86,0.49
coinsph,49899.0,oceanex,50158.41,0.52
coinsph,49899.0,oceanex,50428.82,1.06
coinsph,49899.0,oceanex,50557.76,1.32
coinsph,49899.0,oceanex,50209.09,0.62
coinsph,49899.0,oceanex,50332.28,0.87
coinsph,49899.0,oceanex,50230.06,0.66
coinsph,49899.0,oceanex,50369.24,0.94
coinsph,49899.0,binanceus,50142.68,0.49
coinsph,49899.0,oceanex,50119.71,0.44
coinsph,49899.0,kucoin,50159.9,0.52
coinsph,49898.0,bitget,50131.08,0.47
coinsph,49898.0,coinlist,50112.95,0.43
coinsph,49895.0,gemini,50150.9,0.51
coinsph,49894.0,wazirx,50200.0,0.61
coinsph,49894.0,bequant,50064.59,0.34
oceanex,49964.4,coinlist,50203.56,0.48
oceanex,49749.91,coinlist,50192.32,0.89
oceanex,49770.27,coinlist,50218.73,0.9
indodax,48502.0,whitebit,48871.26,0.76
indodax,48700.0,phemex,48966.51,0.55
tokocrypto,49074.78,binance,49256.0,0.37
cryptocom,49072.63,phemex,49133.1,0.12
mexc,49046.8,coinlist,49160.12,0.23
wazirx,48937.0,bitbay,49093.319442,0.32
wazirx,48937.0,gateio,49078.9,0.29
bequant,49080.84,coinlist,49190.57,0.22
bitstamp,49145.0,coinlist,49238.85,0.19
indodax,49156.449992,digifinex,49366.13,0.43
coinsph,51387.99,binance,51798.76,0.8
coinsph,51387.99,wazirx,51701.0,0.61
coinsph,51387.99,bequant,51566.12,0.35
indodax,51794.310002,p2b,52149.47,0.69
kraken,52052.1,binance,52244.99,0.37
bitbay,51902.464603,indodax,52000.0,0.19
bitbay,51945.602609,gemini,52025.09,0.15
coinex,51917.26,gate,51965.0,0.09
bitmex,51750.0,indodax,52000.0,0.48
bitbay,51799.508934,indodax,52000.0,0.39
wazirx,51694.0,indodax,52000.0,0.59
wazirx,51694.0,indodax,52000.0,0.59
latoken,51744.57,indodax,52000.0,0.49
kucoin,51736.1,indodax,52000.0,0.51
btcalpha,51775.23,indodax,52000.0,0.43
exmo,51754.39,binanceus,51805.2,0.1
luno,51502.99,bitcoincom,51836.6,0.65
luno,51502.99,kraken,51820.0,0.62
luno,51503.0,bigone,51829.72,0.63
luno,51503.0,indodax,51801.370008,0.58
luno,51503.0,coinbasepro,51804.97,0.59
luno,51503.0,indodax,51801.370008,0.58
luno,51503.0,indodax,51799.370008,0.58
bitrue,51714.0,indodax,51799.370008,0.17
whitebit,51664.57,indodax,51799.370008,0.26
bitmex,51655.5,indodax,51799.370008,0.28
bitmex,51650.0,indodax,51799.370008,0.29
whitebit,51661.33,indodax,51807.370008,0.28
whitebit,51604.48,indodax,51807.370008,0.39
yobit,51084.75845089,indodax,51807.370008,1.41
gateio,51505.5,indodax,51799.0,0.57
bitget,51570.41,indodax,51799.0,0.44
zonda,51616.0,indodax,51799.0,0.35
zonda,51616.0,bequant,51702.31,0.17
zonda,51616.0,indodax,51756.0,0.27
zonda,51616.0,indodax,51756.0,0.27
zonda,51616.0,okx,51745.8,0.25
bitbay,51616.0,coinbasepro,51752.63,0.26
zonda,51646.558357,bequant,51729.57,0.16
bitbay,51651.061203,oceanex,51765.39,0.22
wazirx,51666.0,bingx,51778.87,0.22
wazirx,51666.0,bingx,51720.63,0.11
coinlist,51300.0,indodax,51701.0,0.78
coinlist,51300.0,indodax,51701.0,0.78
coinlist,51300.0,indodax,51701.0,0.78
coinlist,51300.0,phemex,51704.0,0.79
coinlist,51300.0,indodax,51701.0,0.78
coinlist,51300.0,digifinex,51736.0,0.85
coinsph,51500.0,indodax,51725.0,0.44
zonda,51408.137812,indodax,51725.0,0.62
oceanex,51169.19,indodax,51538.0,0.72
yobit,51000.0,luno,51300.4,0.59
hitbtc3,50968.78,wazirx,51134.0,0.32
coinlist,51500.0,indodax,51787.460008,0.56
exmo,51564.19,indodax,51787.460008,0.43
htx,51570.16,indodax,51787.460008,0.42
coinex,51571.85,indodax,51787.460008,0.42
latoken,51612.51,indodax,51787.460008,0.34
latoken,51612.51,indodax,51787.460008,0.34
btcalpha,51607.63,indodax,51787.460008,0.35
wazirx,51598.0,indodax,51787.460008,0.37
wazirx,51598.0,indodax,51787.460008,0.37
latoken,51612.51,indodax,51787.460008,0.34
latoken,51612.51,indodax,51787.460008,0.34
latoken,51612.51,indodax,51787.460008,0.34
latoken,51612.51,indodax,51787.460008,0.34
latoken,51612.51,gateio,51899.8,0.56
latoken,51612.51,gateio,51912.3,0.58
latoken,51612.51,kraken,51904.5,0.57
latoken,51612.51,bitrue,51938.33,0.63
latoken,51612.51,htx,51891.96,0.54
latoken,51612.51,cryptocom,51838.16,0.44
latoken,51612.51,mexc,51819.99,0.4
latoken,51612.51,zonda,51807.188,0.38
latoken,51612.51,p2b,51848.8,0.46
latoken,51612.51,bitbay,51845.613,0.45
latoken,51612.51,zonda,51849.625,0.46
latoken,51612.51,bigone,51833.01,0.43
latoken,51612.51,bitbay,51804.137,0.37
latoken,51612.51,indodax,51787.460012,0.34
latoken,51612.51,gate,51803.8,0.37
latoken,51612.51,bitbay,51792.431,0.35
latoken,51612.51,indodax,51787.460012,0.34
latoken,51612.51,zonda,51828.768,0.42
latoken,51612.51,bitbay,51829.538,0.42
latoken,51612.51,indodax,51787.460012,0.34
latoken,51612.51,indodax,51787.460012,0.34
latoken,51612.51,indodax,51787.460008,0.34
latoken,51612.51,indodax,51787.460008,0.34
latoken,51612.51,zonda,51793.236,0.35
latoken,51612.51,indodax,51787.460012,0.34
latoken,51612.51,kucoin,51794.0,0.35
latoken,51612.51,kucoin,51869.1,0.5
latoken,51612.51,okx,51889.6,0.54
latoken,51612.51,oceanex,52070.63,0.89
latoken,51612.51,oceanex,52070.63,0.89
latoken,51612.51,kraken,51895.0,0.55
latoken,51612.51,zonda,51953.097,0.66
latoken,51612.51,bequant,51944.0,0.64
latoken,51612.51,hitbtc3,51973.77,0.7
latoken,51612.51,bequant,51987.8,0.73
latoken,51612.51,bequant,51943.79,0.64
latoken,51612.51,whitebit,51840.31,0.44
latoken,51612.51,bequant,51851.27,0.46
latoken,51612.51,bitfinex,51838.0,0.44
latoken,51612.51,btcturk,51810.0,0.38
latoken,51612.51,kucoin,51816.9,0.4
latoken,51612.51,bitcoincom,51815.55,0.39
latoken,51612.51,okx,51818.1,0.4
latoken,51612.51,indodax,51787.460016,0.34
latoken,51612.51,indodax,51787.460016,0.34
latoken,51612.51,indodax,51787.460016,0.34
latoken,51612.51,indodax,51787.460016,0.34
latoken,51612.51,indodax,51787.460012,0.34
latoken,51612.51,whitebit,51801.2,0.37
latoken,51612.51,okx,51814.5,0.39
latoken,51612.51,bitbay,51790.0,0.34
latoken,51612.51,indodax,51787.460008,0.34
latoken,51612.51,indodax,51787.460008,0.34
latoken,51612.51,indodax,51787.460008,0.34
latoken,51612.51,indodax,51787.460008,0.34
latoken,51612.51,p2b,51872.68,0.5
latoken,51612.51,bitget,51853.55,0.47
latoken,51612.51,bitstamp,51832.0,0.43
latoken,51612.51,mexc,51827.25,0.42
latoken,51612.51,bitcoincom,51823.72,0.41
latoken,51612.51,bitmex,51810.0,0.38
latoken,51612.51,bitmex,51809.5,0.38
latoken,51612.51,indodax,51787.460012,0.34
indodax,51800.0,exmo,51990.78,0.37
indodax,51800.0,kucoin,51983.8,0.35
indodax,51800.0,bingx,51969.24,0.33
indodax,51800.0,whitebit,51949.64,0.29
wazirx,51889.0,bingx,51947.27,0.11
wazirx,51889.0,exmo,51951.13,0.12
wazirx,51889.0,coinbasepro,51955.48,0.13
wazirx,51889.0,bingx,51947.33,0.11
wazirx,51889.0,coinbasepro,51977.18,0.17
phemex,51868.01,bequant,51952.42,0.16
digifinex,51827.01,bitcoincom,51868.3,0.08
bingx,51817.88,kraken,51906.7,0.17
huobi,51821.07,bitbay,51900.0,0.15
htx,51811.61,cryptocom,51868.99,0.11
coinlist,51810.0,wazirx,51889.0,0.15
okx,51797.0,wazirx,51889.0,0.18
whitebit,51775.17,wazirx,51889.0,0.22
okx,51719.7,wazirx,51889.0,0.33
whitebit,51589.89,bitfinex2,51736.0,0.28
bequant,51602.46,zonda,51763.033,0.31
coinlist,51720.0,digifinex,51818.16,0.19
coinlist,51720.0,bitstamp,51817.0,0.19
coinlist,51720.0,coinbasepro,51844.04,0.24
coinlist,51720.0,kraken,51800.0,0.15
coinlist,51720.0,bequant,51762.81,0.08
coinlist,51720.0,whitebit,51814.24,0.18
coinlist,51720.0,cryptocom,51829.17,0.21
whitebit,51723.62,bitstamp,51775.0,0.1
whitebit,51607.66,binanceus,51744.52,0.27
bitcoincom,51563.56,p2b,51710.93,0.29
okx,51607.8,indodax,51708.630004,0.2
htx,51605.41,indodax,51708.630004,0.2
wazirx,51626.0,indodax,51708.630004,0.16
wazirx,51597.0,indodax,51708.630004,0.22
indodax,52700.0,hitbtc3,52854.99,0.29
wazirx,52583.0,bequant,52847.56,0.5
cryptocom,52399.75,bingx,52667.74,0.51
bitget,52043.22,binanceus,52428.45,0.74
whitebit,52047.78,bitstamp,52283.0,0.45
bequant,52041.38,indodax,52205.9999,0.32
bequant,52156.78,p2b,52339.83,0.35
kucoin,52144.6,ascendex,52303.9,0.31
gate,51793.4,binanceus,52161.89,0.71
kraken,51791.3,whitebit,51998.75,0.4
hitbtc,51963.2,poloniex,52078.12,0.22
hitbtc,51930.81,bequant,52066.78,0.26
whitebit,51997.8,kucoin,52074.7,0.15
coinex,51894.03,binanceus,51991.95,0.19
bitmart,51862.03,kucoin,51979.0,0.23
hitbtc,51710.81,indodax,51950.000004,0.46
gateio,51631.3,indodax,51900.0,0.52
p2b,51464.14,indodax,51900.0,0.85
bitcoincom,51398.98,latoken,51701.0,0.59
bitget,51457.8,latoken,51701.0,0.47
bingx,51564.03,okx,51693.4,0.25
kucoin,51587.1,bitmart,51672.38,0.17
wazirx,51600.0,bitget,51736.43,0.26
wazirx,51600.0,bitrue,51708.0,0.21
wazirx,51600.0,whitebit,51687.24,0.17
whitebit,51679.2,coinbasepro,51772.49,0.18
bequant,51677.27,whitebit,51758.57,0.16
mexc,51599.64,bequant,51768.58,0.33
ascendex,51598.69,whitebit,51724.07,0.24
bitfinex2,51687.0,htx,51782.59,0.18
whitebit,51633.72,binanceus,51720.0,0.17
p2b,51546.24,coinsph,51697.99,0.29
kucoin,51544.3,bingx,51641.86,0.19
kucoin,51498.4,coinsph,51601.04,0.2
okx,51362.3,indodax,51564.660012,0.39
bitfinex2,51181.0,binanceus,51404.01,0.44
yobit,51228.76705277,cryptocom,51349.85,0.24
indodax,51236.64,bitmart,51364.0,0.25
indodax,51236.64,bitbay,51311.881,0.15
bequant,51248.56,zonda,51390.152,0.28
okx,51377.8,bequant,51435.15,0.11
htx,51316.72,fmfwio,51425.87,0.21
bitcoincom,51355.63,whitebit,51432.75,0.15
ascendex,51431.0,coinbasepro,51514.27,0.16
bitmart,51480.01,coinbasepro,51543.65,0.12
gemini,51499.93,coinbasepro,51543.98,0.09
okx,51457.0,digifinex,51531.09,0.14
htx,51439.35,coinbasepro,51515.56,0.15
btcalpha,51439.23,wazirx,51534.0,0.18
ascendex,51455.8,wazirx,51534.0,0.15
btcalpha,51475.36,bitstamp,51607.0,0.26
bequant,51574.37,whitebit,51744.13,0.33
bitmex,51700.0,okx,51830.8,0.25
bitmex,51756.5,whitebit,51840.3,0.16
bitrue,51766.64,whitebit,51858.27,0.18
yobit,51885.11004237,okx,52123.2,0.46
okx,51977.9,bitmart,52089.98,0.22
kucoin,51904.3,bingx,52019.65,0.22
bitbay,51967.011405,p2b,52014.87,0.09
phemex,51986.64,bitfinex2,52027.0,0.08
bitrue,51954.28,latoken,52031.99,0.15
btcalpha,51990.35,phemex,52118.35,0.25
wazirx,52101.0,gateio,52169.9,0.13
huobi,52059.71,bitget,52161.04,0.19
hitbtc3,52007.29,bitfinex,52073.0,0.13
wazirx,52014.0,okx,52122.6,0.21
binanceus,52076.62,bitget,52196.78,0.23
wazirx,52101.0,bingx,52162.88,0.12
indodax,52148.0,okx,52449.9,0.58
indodax,52200.0,p2b,52488.29,0.55
yobit,52228.06986752,bingx,52487.13,0.5
yobit,52228.06986752,btcalpha,52439.18,0.4
yobit,52228.06986752,digifinex,52322.09,0.18
latoken,52223.06,bitfinex,52304.0,0.15
zonda,52202.750468,coinex,52286.19,0.16
bitbay,52208.948515,whitebit,52302.05,0.18
bitmex,52223.5,bitrue,52294.9,0.14
bitmex,52223.5,cryptocom,52303.22,0.15
bitmex,52223.5,okx,52298.5,0.14
bitmex,52223.5,whitebit,52346.22,0.23
yobit,52228.06986752,coinbasepro,52372.28,0.28
yobit,52228.06986752,bingx,52362.32,0.26
yobit,52228.06986752,bigone,52310.8,0.16
wazirx,51300.0,bitcoincom,52310.58,1.97
wazirx,51300.0,binanceus,52268.99,1.89
wazirx,51300.0,gemini,52283.83,1.92
p2b,51706.15,indodax,52000.0,0.57
bigone,51741.45,indodax,52000.0,0.5
latoken,51676.27,indodax,51800.0,0.24
btcalpha,51693.61,indodax,51800.0,0.21
whitebit,51698.16,indodax,51800.0,0.2
okx,51575.1,indodax,51800.0,0.44
bitrue,51521.85,indodax,51676.43,0.3
bitmart,51592.01,whitebit,51662.11,0.14
zonda,51614.406614,wazirx,51733.0,0.23
bitbay,51614.406614,huobi,51788.11,0.34
zonda,51610.231193,btcalpha,51780.46,0.33
bitbay,51605.728346,oceanex,51760.54,0.3
bitbay,51586.2831,bingx,51706.11,0.23
wazirx,51519.0,bingx,51629.57,0.21
wazirx,51519.0,p2b,51637.04,0.23
wazirx,51519.0,bitstamp,51640.0,0.23
wazirx,51519.0,whitebit,51601.29,0.16
wazirx,51519.0,whitebit,51642.91,0.24
cryptocom,51565.8,bequant,51684.78,0.23
wazirx,51519.0,bitrue,51646.4,0.25
bingx,51611.43,gateio,51679.2,0.13
bitget,51641.45,whitebit,51761.59,0.23
gemini,51679.43,bequant,51770.82,0.18
whitebit,51603.92,binanceus,51699.85,0.19
whitebit,51655.89,wazirx,51714.0,0.11
whitebit,51453.24,indodax,51602.100021,0.29
bitmart,51385.77,indodax,51600.0,0.42
mexc,51378.11,indodax,51600.0,0.43
btcalpha,51343.11,indodax,51600.0,0.5
phemex,51369.65,indodax,51600.0,0.45
okx,51238.2,indodax,51500.0,0.51
mexc,51238.0,indodax,51400.0,0.32
mexc,51190.46,indodax,51400.0,0.41
okx,51097.9,indodax,51400.0,0.59
bitcoincom,51031.54,latoken,51210.4,0.35
okx,50974.4,binanceus,51147.73,0.34
gateio,50890.0,indodax,51090.49,0.39
coinex,51027.73,whitebit,51220.77,0.38
indodax,51090.490004,bigone,51218.42,0.25
indodax,51090.490004,zonda,51225.039,0.26
indodax,51090.490004,bingx,51256.78,0.33
indodax,51090.490004,huobi,51223.97,0.26
indodax,51090.490004,okx,51262.0,0.34
indodax,51090.490004,phemex,51366.37,0.54
zonda,51293.97259,bitstamp,51405.0,0.22
gate,51269.7,binanceus,51303.0,0.06
bitstamp,51288.0,wazirx,51465.0,0.35
zonda,51298.346269,novadax,51471.4,0.34
wazirx,51200.0,coinsph,51320.63,0.24
coinlist,51203.1,mexc,51249.24,0.09
okx,51112.2,bequant,51232.83,0.24
digifinex,51072.01,btcalpha,51199.04,0.25
whitebit,50914.06,bingx,51162.88,0.49
bequant,50895.84,gateio,51110.1,0.42
gate,50904.1,indodax,51094.0,0.37
digifinex,50907.1,bitfinex,51020.0,0.22
okx,50830.1,luno,51015.99,0.37
ascendex,50912.18,gate,51038.8,0.25
p2b,50659.76,coinlist,51005.0,0.68
bitcoincom,50849.4,kucoin,51092.9,0.48
bequant,51045.45,whitebit,51202.99,0.31
zonda,51261.600561,ascendex,51364.04,0.2
bitrue,51250.01,p2b,51334.8,0.17
htx,51272.15,kucoin,51324.1,0.1
phemex,51023.29,bitmart,51190.99,0.33
oceanex,50949.11,bitrue,51047.99,0.19
huobi,50942.62,phemex,51037.4,0.19
whitebit,50893.09,wazirx,51028.0,0.27
whitebit,50901.25,wazirx,51028.0,0.25
bitcoincom,50802.38,gateio,51101.0,0.59
htx,51029.42,bitget,51119.99,0.18
htx,50969.93,bingx,51143.68,0.34
coinlist,50953.44,coinex,51030.27,0.15
htx,50876.83,indodax,50985.070004,0.21
latoken,50849.2,indodax,50985.070004,0.27
bitcoincom,50933.6,cryptocom,51049.36,0.23
fmfwio,50939.39,bitrue,51007.69,0.13
bitget,50944.66,poloniex,51173.61,0.45
bitbay,51080.584546,kucoin,51215.9,0.26
zonda,51172.228528,bitmart,51273.63,0.2
exmo,51180.38,whitebit,51269.12,0.17
bitso,51208.0,poloniex,51321.94,0.22
zonda,51226.95458,bitmart,51325.18,0.19
kucoin,51090.4,ascendex,51258.23,0.33
bitbay,51069.362977,p2b,51212.44,0.28
bitcoincom,51078.02,htx,51163.8,0.17
latoken,51113.5,phemex,51169.99,0.11
okx,51036.0,bitrue,51165.98,0.25
bitbay,51065.51398,okx,51196.2,0.26
wazirx,51139.0,mexc,51238.0,0.19
wazirx,51139.0,bingx,51242.76,0.2
zonda,51075.792324,ascendex,51171.88,0.19
zonda,51056.076727,cryptocom,51130.34,0.15
bitbay,51022.471096,whitebit,51149.94,0.25
wazirx,51079.0,p2b,51203.93,0.24
wazirx,51139.0,gate,51293.0,0.3
wazirx,51264.0,digifinex,51393.83,0.25
zonda,51289.274002,kucoin,51418.8,0.25
zonda,51289.274002,gate,51384.9,0.19
zonda,51289.274002,gate,51416.9,0.25
zonda,51256.018314,binanceus,51393.08,0.27
zonda,51276.920451,bitrue,51352.0,0.15
bitbay,51254.234998,coinbasepro,51353.56,0.19
kucoin,51207.1,bequant,51348.43,0.28
zonda,51197.128857,wazirx,51340.0,0.28
zonda,51151.563699,binanceus,51226.33,0.15
mexc,51026.0,bingx,51184.53,0.31
phemex,50924.05,indodax,51156.490005,0.46
bitrue,50901.1,indodax,51156.490005,0.5
fmfwio,50904.21,indodax,51156.490005,0.5
okx,50928.2,indodax,51156.490005,0.45
kucoin,50862.2,indodax,51156.490005,0.58
bitrue,50889.4,indodax,51156.490005,0.52
bequant,50976.2,indodax,51156.490005,0.35
btcalpha,51035.33,indodax,51156.490005,0.24
phemex,51021.93,indodax,51156.490005,0.26
okx,50832.0,indodax,51156.490005,0.64
bitget,50823.57,indodax,51000.0,0.35
cryptocom,50882.15,indodax,51000.0,0.23
bitmex,50810.0,indodax,51000.000004,0.37
wazirx,50818.0,indodax,51000.000004,0.36
hitbtc,50848.55,indodax,51000.000004,0.3
bitget,50854.33,indodax,51000.000004,0.29
huobi,50700.01,coinsph,50926.53,0.45
bitfinex,50662.0,okx,50911.9,0.49
zonda,50800.0,bitrue,50977.72,0.35
zonda,50800.0,phemex,50940.24,0.28
bitbay,50800.0,bitstamp,51033.0,0.46
zonda,50860.872291,bitget,50992.22,0.26
bitbay,50837.614094,phemex,50957.52,0.24
bitbay,50889.710732,mexc,50993.95,0.2
zonda,50881.134598,bequant,50947.45,0.13
wazirx,50894.0,whitebit,50981.35,0.17
wazirx,50894.0,okx,51001.3,0.21
wazirx,50894.0,okx,51006.8,0.22
wazirx,50894.0,bitstamp,51052.0,0.31
wazirx,50894.0,cryptocom,51066.09,0.34
wazirx,50894.0,whitebit,51080.82,0.37
wazirx,50894.0,exmo,51099.98,0.4
wazirx,50894.0,bitfinex,51114.0,0.43
wazirx,50894.0,luno,52499.99,3.16
wazirx,50894.0,luno,52499.99,3.16
wazirx,50894.0,luno,52499.99,3.16
wazirx,50894.0,luno,52499.99,3.16
wazirx,50894.0,luno,52499.99,3.16
wazirx,50894.0,luno,52499.99,3.16
poloniex,50863.7,luno,52499.99,3.22
novadax,50829.0,luno,52499.99,3.29
bingx,50865.16,luno,52499.99,3.21
wazirx,50894.0,bigone,51197.44,0.6
wazirx,50894.0,oceanex,51340.08,0.88
indodax,51151.0,ascendex,51351.09,0.39
indodax,51151.0,deribit,51378.07,0.44
indodax,51151.0,bitfinex2,51345.0,0.38
indodax,51151.0,okx,51363.5,0.42
indodax,51151.0,digifinex,51391.86,0.47
indodax,51151.0,gemini,51415.97,0.52
indodax,51151.0,bitmex,51387.0,0.46
indodax,51151.0,bitcoincom,51322.46,0.34
indodax,51151.0,okx,51312.5,0.32
indodax,51151.0,whitebit,51391.81,0.47
zonda,51506.0,bitstamp,51603.0,0.19
zonda,51506.0,phemex,51619.58,0.22
zonda,51574.155355,gate,51652.1,0.15
bitbay,51585.094557,okx,51717.8,0.26
yobit,51624.77259347,bitrue,51734.07,0.21
coinlist,51624.9,kucoin,51744.7,0.23
coinlist,51624.9,okx,51803.9,0.35
coinlist,51624.9,wazirx,51910.0,0.55
coinlist,51624.9,btcturk,51800.0,0.34
indodax,51635.0,binanceus,51745.31,0.21
bitbay,51634.697958,oceanex,51776.8,0.28
indodax,51635.0,ascendex,51777.26,0.28
indodax,51635.0,gate,51862.0,0.44
indodax,51635.0,whitebit,51856.08,0.43
indodax,51635.0,bitget,51868.4,0.45
indodax,51635.0,whitebit,51869.13,0.45
indodax,51635.0,okx,51911.1,0.53
indodax,51635.0,bingx,51893.46,0.5
indodax,51635.0,bitmex,51842.5,0.4
indodax,51635.0,whitebit,51836.49,0.39
indodax,51635.0,poloniex,51893.28,0.5
yobit,51600.0,bingx,51923.81,0.63
yobit,51600.0,bingx,51869.83,0.52
yobit,51600.0,okx,51862.9,0.51
yobit,51600.0,bequant,51818.37,0.42
yobit,51600.0,wazirx,51771.0,0.33
yobit,51600.0,latoken,51777.6,0.34
yobit,51600.0,bitmart,51831.21,0.45
yobit,51600.0,whitebit,51847.93,0.48
yobit,51600.0,gate,51902.2,0.59
yobit,51600.0,digifinex,51924.0,0.63
yobit,51600.0,phemex,51881.53,0.55
yobit,51600.0,bingx,51880.22,0.54
yobit,51600.0,bequant,51862.35,0.51
yobit,51600.0,indodax,51854.579995,0.49
p2b,51084.15,btcalpha,51254.28,0.33
bitrue,51060.01,coinlist,51250.0,0.37
hitbtc3,51090.6,coinlist,51250.0,0.31
bitmex,51058.0,whitebit,51262.67,0.4
hitbtc3,51114.34,bitfinex,51248.0,0.26
yobit,51176.41808158,bitfinex,51411.0,0.46
yobit,51176.41808158,deribit,51373.96,0.39
bigone,51452.57,okx,51594.3,0.28
indodax,51393.249996,deribit,51582.69,0.37
indodax,51393.249996,deribit,51595.35,0.39
indodax,51393.249996,deribit,51544.23,0.29
wazirx,51350.0,gate,51534.7,0.36
indodax,51393.249996,whitebit,51551.36,0.31
zonda,51463.214319,htx,51536.87,0.14
bitbay,51463.214319,okx,51519.0,0.11
bequant,51513.37,coinbasepro,51658.92,0.28
coinex,51543.99,bequant,51624.11,0.16
bitbay,51548.638226,whitebit,51642.28,0.18
zonda,51600.0,cryptocom,51675.82,0.15
zonda,51600.0,btcalpha,51678.88,0.15
zonda,51600.0,gemini,51707.85,0.21
zonda,51600.0,huobi,51724.04,0.24
zonda,51569.858777,bitfinex,51725.0,0.3
zonda,51552.73955,coinbasepro,51684.66,0.26
oceanex,51360.61,coinlist,51650.0,0.56
oceanex,50601.64,coinlist,51650.0,2.07
oceanex,51216.13,coinlist,51650.0,0.85
zonda,51588.518002,bitfinex,51689.0,0.19
zonda,51512.52534,bequant,51636.71,0.24
bitbay,51517.664011,okx,51637.8,0.23
zonda,51496.497531,novadax,51625.01,0.25
bitbay,51518.720383,novadax,51625.01,0.21
zonda,51554.24851,novadax,51677.38,0.24
zonda,51471.806474,novadax,51625.01,0.3
zonda,51471.762417,novadax,51625.01,0.3
zonda,51468.241846,novadax,51625.01,0.3
bitbay,51472.910908,novadax,51625.01,0.3
exmo,51465.05,novadax,51625.01,0.31
coinex,51465.31,novadax,51625.01,0.31
bitbay,51485.507262,novadax,51625.01,0.27
bitbay,51545.761491,okx,51666.5,0.23
zonda,51600.0,okx,51670.8,0.14
zonda,51600.0,whitebit,51829.99,0.45
zonda,51777.041765,huobi,52045.64,0.52
bequant,51790.21,digifinex,51999.49,0.4
coinlist,51850.0,coinbasepro,51993.57,0.28
zonda,51709.166642,bequant,51940.83,0.45
bitbay,51719.422958,okx,51971.4,0.49
phemex,51840.34,bitget,52015.49,0.34
indodax,51850.92,bingx,51993.89,0.28
zonda,51777.357174,bingx,51925.97,0.29
gate,51699.8,bequant,51812.54,0.22
zonda,51599.303004,ascendex,51731.36,0.26
bitbay,51597.588779,bitmart,51661.09,0.12
zonda,51606.27005,wazirx,51767.0,0.31
zonda,51531.609117,bingx,51671.36,0.27
bitbay,51564.188415,kraken,51650.1,0.17
zonda,51511.931569,bitrue,51637.35,0.24
bitbay,51519.014765,novadax,51625.01,0.21
bitbay,51560.240289,novadax,51625.01,0.13
bitbay,51574.072247,huobi,51717.34,0.28
zonda,51557.50674,coinbasepro,51706.32,0.29
digifinex,51513.6,novadax,51625.01,0.22
bitbay,51547.824169,indodax,51705.750008,0.31
bitbay,51502.823744,indodax,51705.750008,0.39
okx,51230.0,indodax,51705.750008,0.93
bingx,51197.76,indodax,51459.6,0.51
bitbay,51405.266084,whitebit,51493.69,0.17
zonda,51351.356092,indodax,51607.0,0.5
bitbay,51331.284032,indodax,51607.0,0.54
bitbay,51423.070199,indodax,51607.0,0.36
zonda,51434.165604,indodax,51607.0,0.34
wazirx,51277.0,indodax,51607.0,0.64
hitbtc,51230.67,indodax,51459.6,0.45
bitbay,51246.396822,indodax,51550.0,0.59
bitbay,51290.240745,indodax,51550.0,0.51
zonda,51286.960486,indodax,51550.0,0.51
zonda,51249.266548,indodax,51550.0,0.59
bitbay,51250.811554,indodax,51550.0,0.58
bitbay,51300.594187,indodax,51550.0,0.49
zonda,51293.815386,indodax,51550.0,0.5
bitbay,51256.404815,indodax,51550.0,0.57
bitbay,51258.824958,indodax,51550.0,0.57
zonda,51278.617655,indodax,51402.8,0.24
zonda,51268.703783,indodax,51402.8,0.26
bitbay,51263.804422,indodax,51402.8,0.27
bitbay,51321.56241,indodax,51402.8,0.16
bitbay,51340.068437,hitbtc,51402.92,0.12
bitbay,51334.531248,whitebit,51411.18,0.15
bitbay,51364.775514,whitebit,51421.22,0.11
bitbay,51378.262024,p2b,51447.16,0.13
bitbay,51416.241333,okx,51473.3,0.11
bitbay,51418.180851,wazirx,51567.0,0.29
bitbay,51416.43158,wazirx,51567.0,0.29
zonda,51394.659313,wazirx,51567.0,0.34
bitbay,51394.659313,wazirx,51567.0,0.34
zonda,51371.953834,wazirx,51550.0,0.35
zonda,51357.9096,wazirx,51550.0,0.37
bitbay,51357.9096,wazirx,51536.0,0.35
bitbay,51384.733426,wazirx,51536.0,0.29
bitbay,51429.309299,p2b,51545.85,0.23
zonda,51416.766014,wazirx,51536.0,0.23
zonda,51349.331463,wazirx,51536.0,0.36
digifinex,51325.68,indodax,51402.160012,0.15
zonda,51280.018473,indodax,51402.160016,0.24
bequant,51311.86,whitebit,51409.59,0.19
zonda,51342.632766,cryptocom,51418.32,0.15
zonda,51346.312544,indodax,51402.160024,0.11
zonda,51276.052324,indodax,51402.160016,0.25
zonda,51292.654879,indodax,51402.161,0.21
zonda,51238.398438,bequant,51341.67,0.2
bitbay,51242.002116,whitebit,51341.71,0.19
bitbay,51299.829194,whitebit,51361.08,0.12
bitbay,51310.637226,kraken,51421.9,0.22
zonda,51277.037603,bitmart,51415.15,0.27
okx,51087.9,binanceus,51293.54,0.4
zonda,51020.780902,indodax,51231.680004,0.41
zonda,51000.001,indodax,51231.680004,0.45
kucoin,50979.7,indodax,51229.200004,0.49
gateio,50981.5,indodax,51229.200004,0.49
ascendex,50996.09,indodax,51229.200004,0.46
mexc,51012.01,indodax,51229.200004,0.43
exmo,51028.7,coinlist,51200.0,0.34
wazirx,51001.0,coinlist,51200.0,0.39
zonda,51001.604004,coinlist,51200.0,0.39
bitbay,51005.263756,coinlist,51200.0,0.38
zonda,51241.248137,bitget,51306.4,0.13
zonda,51234.978998,binanceus,51300.0,0.13
zonda,51210.472181,bequant,51285.86,0.15
zonda,51190.220888,coinex,51269.3,0.15
zonda,51164.888999,luno,51250.3,0.17
zonda,51108.597916,luno,51250.3,0.28
zonda,51018.606078,binanceus,51150.01,0.26
bitbay,51013.86292,mexc,51122.99,0.21
zonda,51000.01,bitso,51106.0,0.21
okx,50968.9,indodax,51089.890008,0.24
okx,50889.1,indodax,51089.890008,0.39
zonda,50890.737065,indodax,51089.890008,0.39
bitbay,50874.44291,indodax,51089.890004,0.42
bitbay,50918.19972,indodax,51089.890004,0.34
bitbay,51008.83339,whitebit,51156.4,0.29
zonda,51012.312908,btcalpha,51153.63,0.28
bitbay,51002.273874,hitbtc,51106.44,0.2
zonda,51002.283887,indodax,51089.890004,0.17
zonda,50899.499441,indodax,51089.890004,0.37
bitbay,50864.399871,indodax,51089.890004,0.44
zonda,50843.057161,indodax,51089.890004,0.49
okx,50833.4,indodax,51087.86,0.5
bitbay,50878.893688,indodax,51087.86,0.41
zonda,50906.589646,indodax,51087.86,0.36
digifinex,50869.3,indodax,51087.86,0.43
hitbtc,50886.69,indodax,51001.0,0.22
bequant,50952.14,hitbtc,51057.44,0.21
wazirx,50871.0,bingx,51011.17,0.28
wazirx,50871.0,indodax,51001.0,0.26
bequant,50994.05,bitmart,51024.29,0.06
bitfinex,50991.0,digifinex,51034.0,0.08
yobit,51000.0,digifinex,51060.38,0.12
digifinex,50885.4,bequant,51011.91,0.25
bitstamp,50916.0,wazirx,51053.0,0.27
bequant,50951.85,wazirx,51053.0,0.2
huobi,50998.23,bingx,51048.9,0.1
hitbtc,50964.92,bingx,51009.35,0.09
bequant,50966.84,bitrue,51014.41,0.09
zonda,50914.483,luno,51295.57,0.75
bitbay,50914.483,luno,51295.57,0.75
zonda,50914.483,indodax,51087.8,0.34
bitrue,50862.31,indodax,51087.8,0.44
okx,50860.1,indodax,51087.8,0.45
bingx,50839.66,indodax,51087.8,0.49
ascendex,50878.02,indodax,51087.8,0.41
bingx,50947.56,indodax,51087.8,0.28
zonda,50906.383378,indodax,51087.8,0.36
huobi,50870.51,coinlist,51030.0,0.31
zonda,50856.715894,kucoin,51020.5,0.32
bitbay,50848.619383,wazirx,51000.0,0.3
mexc,50711.1,bitcoincom,50911.1,0.39
bitcoincom,50765.72,wazirx,50890.0,0.24
okx,50656.9,indodax,50800.190003,0.28
latoken,50642.57,indodax,50800.190003,0.31
ascendex,50659.31,p2b,50869.82,0.42
indodax,50800.1,mexc,50904.26,0.21
indodax,50800.1,luno,51283.62,0.95
indodax,50800.1,luno,51283.62,0.95
indodax,50800.1,luno,51283.62,0.95
indodax,50800.1,whitebit,51067.18,0.53
zonda,50996.385229,bitfinex,51101.0,0.21
bitbay,50983.641684,luno,51065.0,0.16
bitbay,50989.170862,whitebit,51093.67,0.2
bitbay,51054.725973,bitrue,51149.98,0.19
zonda,51052.256768,bitfinex,51134.0,0.16
zonda,51017.761983,bitget,51110.58,0.18
bitbay,51026.145867,coinbasepro,51099.24,0.14
okx,50982.4,bequant,51072.71,0.18
bitbay,51005.01,whitebit,51098.52,0.18
zonda,51064.418557,wazirx,51199.0,0.26
bitbay,51058.029262,wazirx,51199.0,0.28
zonda,51021.131357,wazirx,51199.0,0.35
zonda,51009.37209,luno,51129.8,0.24
bitbay,51013.26214,luno,51129.8,0.23
bitbay,51052.731384,whitebit,51175.69,0.24
zonda,51096.26991,bitmart,51195.17,0.19
zonda,51076.558319,gate,51143.6,0.13
zonda,50999.0,okx,51135.7,0.27
zonda,50999.0,whitebit,51164.43,0.32
zonda,50999.0,bitget,51163.2,0.32
zonda,50944.43378,luno,51129.8,0.36
bitbay,50927.991432,binanceus,51038.01,0.22
bitbay,50933.61974,cryptocom,51050.91,0.23
bitbay,50986.02678,okx,51074.3,0.17
zonda,50921.857469,bitfinex,51061.0,0.27
bitbay,50920.001,mexc,51041.09,0.24
bitbay,50984.428706,okx,51077.2,0.18
zonda,50999.0,latoken,51111.09,0.22
luno,51074.7,okx,51138.5,0.12
luno,51074.7,gateio,51165.6,0.18
luno,51074.7,coinlist,51137.69,0.12
luno,51074.7,coinlist,51161.0,0.17
bitbay,51072.124562,whitebit,51151.55,0.16
luno,51074.7,bingx,51158.33,0.16
luno,51074.7,binanceus,51149.0,0.15
luno,51074.7,coinlist,51150.48,0.15
zonda,51060.922018,bequant,51139.8,0.15
luno,51074.7,coinlist,51150.0,0.15
zonda,51069.668373,coinlist,51155.0,0.17
bitbay,51069.449089,coinlist,51155.0,0.17
luno,51074.7,coinlist,51111.34,0.07
luno,51074.7,whitebit,51140.98,0.13
luno,51074.7,wazirx,51191.0,0.23
luno,51074.7,wazirx,51191.0,0.23
luno,51074.7,wazirx,51191.0,0.23
luno,51074.7,wazirx,51191.0,0.23
luno,51074.7,wazirx,51191.0,0.23
luno,51074.7,wazirx,51191.0,0.23
luno,51074.7,wazirx,51191.0,0.23
luno,51074.7,wazirx,51191.0,0.23
luno,51074.7,wazirx,51191.0,0.23
luno,51074.7,wazirx,51191.0,0.23
luno,51074.7,wazirx,51191.0,0.23
luno,51074.7,wazirx,51191.0,0.23
luno,51074.7,wazirx,51191.0,0.23
luno,51074.7,wazirx,51250.0,0.34
luno,51074.7,wazirx,51250.0,0.34
luno,51074.7,wazirx,51250.0,0.34
luno,51074.7,wazirx,51250.0,0.34
luno,51074.7,wazirx,51250.0,0.34
luno,51074.7,wazirx,51191.0,0.23
luno,51074.7,wazirx,51250.0,0.34
luno,51074.7,wazirx,51250.0,0.34
luno,51074.7,wazirx,51250.0,0.34
luno,51074.7,wazirx,51250.0,0.34
luno,51074.7,wazirx,51191.0,0.23
luno,51074.7,coinlist,51162.57,0.17
luno,51074.7,hitbtc,51184.64,0.22
luno,51074.7,coinlist,51189.23,0.22
luno,51074.7,coinlist,51197.53,0.24
luno,51074.7,deribit,51188.01,0.22
luno,51074.7,coinlist,51190.26,0.23
indodax,51110.040003,okx,51235.9,0.25
indodax,51110.040003,kucoin,51250.6,0.28
indodax,51110.040003,whitebit,51290.08,0.35
indodax,51110.040003,bequant,51289.34,0.35
indodax,51110.040003,okx,51343.9,0.46
indodax,51110.040004,bequant,51337.15,0.44
indodax,51110.040004,fmfwio,51327.35,0.43
indodax,51199.999996,mexc,51443.98,0.48
indodax,51200.0,whitebit,51534.79,0.65
coinlist,51249.89,coinbasepro,51605.16,0.69
coinlist,51249.89,kucoin,51648.9,0.78
coinlist,51249.89,kucoin,51695.3,0.87
hitbtc,51463.07,coinlist,51665.67,0.39
indodax,51500.0,okx,51584.0,0.16
indodax,51500.0,mexc,51645.99,0.28
indodax,51500.0,huobi,51689.51,0.37
indodax,51500.0,bingx,51683.2,0.36
zonda,51499.805826,coinlist,51605.63,0.21
bitbay,51485.038654,mexc,51626.26,0.27
zonda,51446.001972,binanceus,51640.12,0.38
zonda,51435.788712,coinlist,51571.0,0.26
bitbay,51445.295054,htx,51575.59,0.25
bitbay,51454.43492,p2b,51571.49,0.23
zonda,51364.567244,coinlist,51571.0,0.4
zonda,51331.584422,coinlist,51571.0,0.47
bitbay,51340.970608,okx,51488.2,0.29
bitbay,51407.775342,kucoin,51529.4,0.24
zonda,51421.381006,wazirx,51630.0,0.41
zonda,51421.381006,wazirx,51630.0,0.41
zonda,51415.004728,wazirx,51630.0,0.42
wazirx,51361.0,hitbtc,51519.48,0.31
zonda,51421.381006,kraken,51531.4,0.21
bitbay,51416.795052,okx,51534.6,0.23
bitbay,51495.363058,gateio,51615.2,0.23
indodax,51500.0,okx,51611.4,0.22
indodax,51500.0,coinlist,51632.94,0.26
zonda,51481.93963,latoken,51610.97,0.25
bitbay,51469.147021,bitfinex,51583.0,0.22
zonda,51468.548244,bequant,51586.82,0.23
zonda,51425.321122,bitfinex,51559.0,0.26
bitbay,51418.161827,btcalpha,51501.48,0.16
bitbay,51426.168221,mexc,51507.89,0.16
bitbay,51429.613695,whitebit,51539.05,0.21
bitmex,51474.0,bitstamp,51569.0,0.18
bitmex,51474.0,coinlist,51561.0,0.17
bitmex,51474.0,coinlist,51561.0,0.17
bitmex,51474.0,okx,51527.0,0.1
bitmex,51474.0,coinlist,51536.95,0.12
bitmex,51474.0,okx,51525.5,0.1
zonda,51473.534718,coinlist,51524.3,0.1
zonda,51460.742109,kraken,51513.2,0.1
zonda,51462.603526,kraken,51513.2,0.1
bitbay,51462.603526,coinlist,51505.0,0.08
bitmex,51474.0,btcalpha,51526.18,0.1
indodax,51500.0,bingx,51659.4,0.31
yobit,51500.0,coinlist,51641.13,0.27
indodax,51500.0,bigone,51602.53,0.2
indodax,51500.0,bingx,51589.44,0.17
yobit,51500.0,coinlist,51595.93,0.19
bitget,51496.02,whitebit,51561.75,0.13
yobit,51500.0,phemex,51608.2,0.21
yobit,51500.0,bitfinex2,51636.0,0.26
yobit,51500.0,phemex,51599.86,0.19
yobit,51500.0,cryptocom,51613.26,0.22
yobit,51500.0,coinlist,51604.65,0.2
yobit,51500.0,coinlist,51624.2,0.24
yobit,51500.0,exmo,51589.63,0.17
yobit,51500.0,bequant,51579.32,0.15
yobit,51500.0,binanceus,51562.85,0.12
yobit,51500.0,bitmart,51578.52,0.15
yobit,51500.0,coinbasepro,51584.8,0.16
yobit,51500.0,bequant,51584.36,0.16
yobit,51500.0,kuna,51571.94,0.14
zonda,51483.787029,bitfinex,51528.0,0.09
bitbay,51483.787029,okx,51529.4,0.09
bitmex,51481.5,ascendex,51516.44,0.07
bitbay,51454.806403,coinlist,51505.0,0.1
yobit,51400.0,coinlist,51505.0,0.2
bitbay,51436.658841,coinlist,51505.0,0.13
yobit,51400.0,coinlist,51505.0,0.2
yobit,51400.0,whitebit,51513.12,0.22
yobit,51400.0,bitget,51559.19,0.31
yobit,51400.0,bequant,51524.48,0.24
yobit,51400.0,indodax,51501.0,0.2
bitmex,51380.0,indodax,51501.0,0.24
yobit,51400.0,bitstamp,51514.0,0.22
yobit,51400.0,coinlist,51533.14,0.26
yobit,51400.0,okx,51615.3,0.42
yobit,51400.0,coinlist,51647.12,0.48
yobit,51400.0,coinlist,51625.97,0.44
bitmex,51587.5,mexc,51684.99,0.19
yobit,51400.0,mexc,51699.89,0.58
yobit,51400.0,okx,51844.6,0.86
indodax,51600.0,kucoin,51847.7,0.48
indodax,51604.81,wazirx,51835.0,0.45
indodax,51604.81,wazirx,51835.0,0.45
indodax,51604.819996,coinex,51870.22,0.51
indodax,51604.819996,wazirx,51835.0,0.45
indodax,51604.819996,mexc,51768.09,0.32
indodax,51604.819996,bequant,51716.4,0.22
zonda,51578.950581,bitfinex,51672.0,0.18
digifinex,51552.63,btcalpha,51642.98,0.18
zonda,51522.502293,coinlist,51609.0,0.17
kucoin,51485.3,indodax,51604.810004,0.23
phemex,51510.69,indodax,51604.810004,0.18
zonda,51486.279264,indodax,51604.810004,0.23
bitbay,51454.329784,indodax,51604.810004,0.29
bitmex,51526.5,indodax,51604.810004,0.15
bitbay,51534.889375,indodax,51604.810004,0.14
bitmex,51552.0,indodax,51604.810004,0.1
bitbay,51576.509411,mexc,51620.0,0.08
gemini,51543.73,phemex,51608.24,0.13
bitbay,51576.935965,okx,51624.7,0.09
zonda,51570.237268,coinlist,51633.41,0.12
bitbay,51573.665719,indodax,51604.810004,0.06
fmfwio,51577.18,coinlist,51612.03,0.07
wazirx,51536.0,coinlist,51648.63,0.22
yobit,51590.0,kucoin,51643.4,0.1
yobit,51590.0,fmfwio,51677.41,0.17
wazirx,51538.0,huobi,51671.15,0.26
wazirx,51538.0,exmo,51680.03,0.28
wazirx,51538.0,bitcoincom,51634.19,0.19
wazirx,51538.0,coinbasepro,51622.77,0.16
wazirx,51536.0,whitebit,51600.68,0.13
wazirx,51538.0,coinlist,51611.89,0.14
wazirx,51538.0,bitget,51607.62,0.14
wazirx,51538.0,indodax,51600.000008,0.12
wazirx,51536.0,phemex,51600.01,0.12
wazirx,51536.0,indodax,51600.000008,0.12
wazirx,51536.0,okx,51603.8,0.13
wazirx,51536.0,mexc,51627.17,0.18
wazirx,51536.0,coinlist,51650.33,0.22
wazirx,51536.0,okx,51660.1,0.24
yobit,51590.0,kucoin,51691.7,0.2
yobit,51590.0,bitstamp,51673.0,0.16
yobit,51590.0,bingx,51665.2,0.15
wazirx,51538.0,okx,51704.2,0.32
yobit,51590.0,btcalpha,51673.17,0.16
yobit,51590.0,kraken,51663.1,0.14
yobit,51590.0,okx,51664.5,0.14
yobit,51590.0,indodax,51849.0,0.5
yobit,51590.0,indodax,51849.0,0.5
yobit,51590.0,kucoin,51643.6,0.1
poloniex,51574.23,bitcoincom,51623.13,0.09
poloniex,51575.99,coinlist,51609.0,0.06
wazirx,51459.0,indodax,51848.709995,0.76
binanceus,51569.98,coinlist,51609.0,0.08
binanceus,51569.76,kraken,51637.1,0.13
yobit,51590.0,whitebit,51644.53,0.11
yobit,51590.0,coinlist,51673.29,0.16
yobit,51590.0,exmo,51658.05,0.13
yobit,51590.0,bequant,51616.51,0.05
yobit,51590.0,kraken,51637.9,0.09
yobit,51590.0,coinlist,51643.07,0.1
yobit,51590.0,coinlist,51638.75,0.09
yobit,51590.0,kraken,51660.2,0.14
yobit,51590.0,bequant,51645.62,0.11
yobit,51590.0,gate,51699.9,0.21
yobit,51590.0,whitebit,51737.15,0.29
yobit,51590.0,latoken,51776.82,0.36
yobit,51590.0,gate,51763.9,0.34
yobit,51590.0,bitrue,51768.01,0.35
yobit,51590.0,bitstamp,51745.0,0.3
yobit,51590.0,phemex,51743.35,0.3
yobit,51590.0,htx,51755.84,0.32
yobit,51590.0,cryptocom,51759.98,0.33
yobit,51590.0,p2b,51723.73,0.26
yobit,51590.0,gate,51724.4,0.26
yobit,51590.0,kraken,51701.4,0.22
zonda,51533.799961,bitfinex,51694.0,0.31
zonda,51452.459355,bitfinex,51612.0,0.31
bitbay,51444.953611,indodax,51601.0,0.3
zonda,51436.139167,indodax,51601.0,0.32
bequant,51300.01,wazirx,51490.0,0.37
bitget,51328.01,gateio,51414.4,0.17
phemex,51368.97,bitstamp,51399.0,0.06
poloniex,51374.59,huobi,51404.52,0.06
coinex,51356.76,binanceus,51408.25,0.1
coinex,51371.76,whitebit,51441.91,0.14
phemex,51446.73,bitget,51482.14,0.07
poloniex,51423.88,binanceus,51470.0,0.09
bequant,51430.87,kraken,51487.5,0.11
luno,51450.58,okx,51490.1,0.08
bitmex,51432.5,whitebit,51548.49,0.23
wazirx,51517.0,whitebit,51579.59,0.12
wazirx,51517.0,bequant,51579.72,0.12
coinex,51547.41,htx,51584.28,0.07
phemex,51531.6,bitget,51581.19,0.1
whitebit,51508.28,bitmex,51580.0,0.14
bitbay,51504.687163,okx,51546.1,0.08
wazirx,51517.0,htx,51549.45,0.06
wazirx,51517.0,oceanex,51543.85,0.05
coinbasepro,51503.12,bequant,51536.92,0.07
bitbay,51514.520931,okx,51546.2,0.06
wazirx,51517.0,okx,51556.8,0.08
kuna,51508.38,hitbtc,51561.82,0.1
kuna,51508.38,okx,51553.3,0.09
coinex,51539.98,whitebit,51587.7,0.09
zonda,51523.959185,bequant,51587.12,0.12
zonda,51525.546245,bitrue,51572.96,0.09
zonda,51515.418096,bitrue,51561.9,0.09
kucoin,51510.9,bitstamp,51544.0,0.06
coinex,51518.68,p2b,51679.57,0.31
yobit,51569.49630948,deribit,51702.51,0.26
yobit,51590.0,coinbasepro,51702.89,0.22
yobit,51590.0,htx,51719.33,0.25
yobit,51590.0,deribit,51745.6,0.3
yobit,51590.0,latoken,51699.99,0.21
yobit,51590.0,bitget,51715.06,0.24
yobit,51590.0,okx,51730.4,0.27
yobit,51590.0,okx,51836.4,0.48
bitbay,51671.0,whitebit,51953.59,0.55
zonda,51776.81447,bitget,51962.74,0.36
yobit,51790.0,kucoin,51960.0,0.33
yobit,51790.0,bitcoincom,51936.28,0.28
gate,51770.0,bitget,51867.82,0.19
coinex,51784.79,whitebit,51823.17,0.07
huobi,51768.36,ascendex,51805.52,0.07
zonda,51699.794474,bitmex,51790.0,0.17
bitbay,51699.794474,kucoin,51767.9,0.13
bitbay,51710.561453,kucoin,51773.9,0.12
coinex,51713.43,okx,51753.9,0.08
coinex,51728.97,gateio,51754.6,0.05
hitbtc,51652.91,ascendex,51732.77,0.15
bequant,51723.14,kucoin,51775.0,0.1
mexc,51712.32,bitfinex,51785.0,0.14
htx,51736.14,bitfinex2,51768.0,0.06
kucoin,51654.1,bitfinex,51762.0,0.21
coinex,51721.93,whitebit,51825.09,0.2
zonda,51780.0,whitebit,51854.08,0.14
bitbay,51780.0,bitfinex2,51859.0,0.15
yobit,51790.0,kraken,51855.9,0.13
yobit,51790.0,kraken,51863.9,0.14
yobit,51790.0,bitstamp,51864.0,0.14
zonda,51749.522036,kraken,51863.0,0.22
indodax,51299.0,coinsph,51473.85,0.34
indodax,51299.0,coinsph,51473.85,0.34
zonda,54292.329393,bingx,54519.76,0.42
zonda,54264.894775,btcalpha,54400.97,0.25
bitbay,54251.818798,whitebit,54451.44,0.37
bitmex,54344.5,kraken,54483.3,0.26
bitmex,54382.5,fmfwio,54559.59,0.33
bitmex,54481.5,wazirx,54675.0,0.36
bitmex,54496.0,wazirx,54675.0,0.33
zonda,54501.467,whitebit,54695.1,0.36
bitbay,54501.467,kraken,54706.8,0.38
zonda,54510.0,wazirx,54675.0,0.3
zonda,54458.610278,bingx,54655.98,0.36
binanceus,54466.9,whitebit,54654.41,0.34
zonda,54510.0,bingx,54667.01,0.29
bitbay,54510.0,whitebit,54763.04,0.46
binanceus,54448.65,p2b,54781.83,0.61
zonda,54579.135758,bitmart,54764.99,0.34
zonda,54383.101244,bequant,54712.64,0.61
bitbay,54381.843611,gateio,54599.7,0.4
zonda,54391.099628,bingx,54538.28,0.27
zonda,54332.174001,bitstamp,54518.0,0.34
bitbay,54332.174001,kucoin,54585.9,0.47
bitbay,54473.378452,p2b,54722.28,0.46
bitbay,54532.90874,bitstamp,54705.0,0.32
zonda,54512.106733,bequant,54660.93,0.27
zonda,54465.059651,bitget,54613.0,0.27
zonda,54400.0,bitmex,54588.5,0.35
zonda,54400.0,coinsph,54560.0,0.29
zonda,54400.0,kraken,54574.6,0.32
zonda,54372.553549,bingx,54590.15,0.4
yobit,55797.25393769,gateio,56299.8,0.9
yobit,55797.25393769,bitstamp,56316.0,0.93
yobit,55797.25393769,latoken,56329.23,0.95
binanceus,56188.05,p2b,56430.92,0.43
poloniex,56199.64,gateio,56451.1,0.45
poloniex,56236.45,mexc,56407.99,0.31
poloniex,56239.15,bigone,56415.18,0.31
poloniex,56171.1,bingx,56389.75,0.39
poloniex,56028.05,indodax,56250.0,0.4
bitmex,56077.0,indodax,56250.0,0.31
poloniex,56109.09,indodax,56250.0,0.25
wazirx,56000.0,gateio,56250.1,0.45
latoken,55886.21,indodax,56200.0,0.56
poloniex,55841.64,indodax,56069.29,0.41
btcturk,55831.0,indodax,56069.29,0.43
poloniex,55905.49,indodax,56069.29,0.29
poloniex,55971.49,bitget,56114.28,0.26
poloniex,55857.22,bingx,56109.15,0.45
wazirx,55996.0,okx,56192.5,0.35
wazirx,55996.0,bitmart,56218.72,0.4
wazirx,55996.0,whitebit,56309.23,0.56
wazirx,55996.0,coinbasepro,56335.2,0.61
wazirx,56000.0,whitebit,56349.96,0.62
wazirx,55999.0,whitebit,56399.59,0.72
wazirx,55999.0,bitcoincom,56390.32,0.7
wazirx,55999.0,kucoin,56385.7,0.69
wazirx,55999.0,whitebit,56410.24,0.73
wazirx,55999.0,mexc,56449.96,0.81
wazirx,55999.0,ascendex,56379.82,0.68
wazirx,55999.0,bitget,56282.15,0.51
coinsph,56600.0,coinex,56904.12,0.54
coinsph,56600.0,oceanex,56944.95,0.61
coinsph,56600.0,p2b,56992.1,0.69
coinsph,56600.0,bequant,56950.84,0.62
coinsph,56600.0,bitrue,56937.55,0.6
coinsph,56600.0,btcalpha,56925.83,0.58
coinsph,56600.0,indodax,57102.0,0.89
coinsph,56600.0,indodax,57102.0,0.89
coinsph,56600.0,indodax,57102.0,0.89
coinsph,56600.0,indodax,57102.0,0.89
coinsph,56600.0,indodax,57102.0,0.89
coinsph,56600.0,indodax,57102.0,0.89
coinsph,56600.0,okx,57107.9,0.9
coinsph,56600.0,bingx,57101.64,0.89
coinsph,56600.0,wazirx,57167.0,1.0
zonda,56941.001,binanceus,57052.7,0.2
poloniex,56900.0,bitget,57033.97,0.24
poloniex,56800.0,htx,56974.12,0.31
poloniex,56800.0,htx,57033.06,0.41
poloniex,56915.41,coinbasepro,57073.74,0.28
poloniex,56917.69,bitmart,57073.2,0.27
whitebit,56881.63,bitfinex,57075.0,0.34
ascendex,56889.39,coinsph,57027.98,0.24
btcalpha,56873.79,okx,56914.9,0.07
btcalpha,56889.92,whitebit,57024.21,0.24
zonda,56941.001,fmfwio,57070.24,0.23
zonda,56941.001,coinbasepro,57099.1,0.28
zonda,56941.001,bitfinex2,57102.0,0.28
zonda,56941.001,bequant,57056.27,0.2
zonda,56941.001,bingx,57078.14,0.24
bitbay,56931.42977,bequant,57030.29,0.17
zonda,56941.001,bitmart,57023.92,0.15
zonda,56941.001,hitbtc,57106.81,0.29
zonda,56931.079315,cryptocom,57086.68,0.27
latoken,56878.99,bequant,56991.53,0.2
wazirx,56763.0,gateio,56922.6,0.28
bitmex,56869.5,coinex,56964.07,0.17
bitmex,56870.0,latoken,56980.95,0.2
bitmex,56870.0,ascendex,56945.36,0.13
okx,56792.4,bitbay,56900.0,0.19
bingx,56788.52,indodax,56900.0,0.2
bingx,56781.55,indodax,56894.37,0.2
bitmex,56800.5,cryptocom,56853.54,0.09
p2b,56770.29,bequant,56833.28,0.11
mexc,56731.91,bitget,56798.89,0.12
digifinex,56691.14,whitebit,56787.55,0.17
bitmex,56712.5,phemex,56800.36,0.15
bitmex,56712.5,indodax,57000.0,0.51
bitmex,56712.5,indodax,57000.0,0.51
bitfinex,56839.0,indodax,57000.0,0.28
huobi,56875.99,indodax,57000.0,0.22
bitmex,56900.0,indodax,57000.0,0.18
coinsph,56850.6,indodax,57000.0,0.26
zonda,57069.987661,indodax,57249.62,0.31
yobit,58800.0,indodax,59158.93,0.61
yobit,58800.0,indodax,59158.93,0.61
poloniex,58750.0,gateio,59174.5,0.72
poloniex,58729.8,indodax,59158.93,0.73
yobit,58555.0,whitebit,59227.23,1.15
poloniex,58888.7,indodax,59399.639999,0.87
poloniex,58924.1,indodax,59400.639999,0.81
yobit,58950.0,novadax,59472.87,0.89
poloniex,58900.0,indodax,59434.639999,0.91
yobit,58772.15299999,indodax,59395.639999,1.06
yobit,58595.83654097,whitebit,59125.22,0.9
bitbay,58904.0,cryptocom,59219.15,0.54
yobit,58949.0,deribit,59174.53,0.38
yobit,58949.0,whitebit,59180.68,0.39
yobit,58949.0,kucoin,59275.8,0.55
poloniex,58915.32,bigone,59256.35,0.58
poloniex,58976.05,wazirx,59375.0,0.68
poloniex,58951.0,wazirx,59359.0,0.69
poloniex,58966.98,wazirx,59359.0,0.66
poloniex,58940.0,wazirx,59375.0,0.74
poloniex,58958.7,wazirx,59375.0,0.71
poloniex,59036.2,wazirx,59375.0,0.57
poloniex,59100.0,gate,59421.5,0.54
poloniex,59100.0,indodax,59462.0,0.61
coinsph,59100.0,indodax,59462.0,0.61
coinsph,59100.0,indodax,59462.0,0.61
zonda,59012.373484,indodax,59463.0,0.76
wazirx,58864.0,bitget,59160.07,0.5
coinex,58550.45,mexc,59086.69,0.92
bitmart,58811.11,deribit,59004.49,0.33
bitbay,58900.824659,p2b,59147.94,0.42
coinsph,59000.0,bequant,59139.26,0.24
coinsph,59000.0,latoken,59267.59,0.45
poloniex,62604.8,bingx,63934.72,2.12
gate,61693.9,ascendex,63174.62,2.4
latoken,59303.66,bitcoincom,62117.74,4.75
coinbasepro,59638.93,bingx,60799.74,1.95
poloniex,59984.31,hitbtc3,61255.2,2.12
poloniex,60401.2,hitbtc3,61566.72,1.93
luno,60499.99,kucoin,61565.9,1.76
luno,60499.99,digifinex,61482.73,1.62
poloniex,60496.9,bequant,61333.3,1.38
poloniex,59179.09,ascendex,60981.07,3.04
poloniex,59892.5,bingx,60725.42,1.39
huobi,59371.5,indodax,60190.030004,1.38
binanceus,59406.27,p2b,60485.77,1.82
poloniex,60105.4,hitbtc3,60646.15,0.9
poloniex,60199.99,mexc,60759.48,0.93
poloniex,60384.75,kraken,60931.8,0.91
poloniex,60377.82,bitget,60904.16,0.87
luno,60500.0,p2b,61229.85,1.21
luno,60500.0,hitbtc3,61481.66,1.62
poloniex,60838.01,fmfwio,61431.12,0.97
poloniex,60634.6,binanceus,61259.2,1.03
poloniex,60653.82,wazirx,61083.0,0.71
poloniex,60338.7,indodax,61000.0,1.1
poloniex,60522.7,bitrue,61041.98,0.86
poloniex,60533.39,gate,61028.5,0.82
poloniex,60500.0,okx,61075.9,0.95
poloniex,60044.0,bequant,61050.95,1.68
wazirx,60463.0,whitebit,60972.1,0.84
binanceus,60859.62,bequant,61107.49,0.41
zonda,60960.432673,indodax,61190.0,0.38
coinex,60943.0,whitebit,61205.82,0.43
coinlist,61000.0,okx,61322.4,0.53
coinlist,61000.0,bingx,61345.55,0.57
bitbay,60977.785202,hitbtc,61298.11,0.53
coinlist,61000.0,bequant,61302.57,0.5
bitbay,60999.298133,phemex,61303.81,0.5
yobit,61020.66582246,bitrue,61371.21,0.57
yobit,61020.66582246,p2b,61369.81,0.57
coinsph,61299.0,whitebit,61841.87,0.89
coinlist,61500.0,okx,62001.9,0.82
binanceus,61834.12,hitbtc3,62473.32,1.03
luno,62000.0,gate,62364.2,0.59
luno,61999.99,cryptocom,62560.12,0.9
luno,61999.99,coinbasepro,62416.88,0.67
luno,61999.99,gateio,62646.0,1.04
luno,61999.99,bitmart,62540.58,0.87
luno,61999.99,gemini,62578.46,0.93
luno,61999.99,btcalpha,62545.59,0.88
luno,61999.99,bequant,62394.85,0.64
luno,61999.99,digifinex,62365.14,0.59
htx,61654.37,bequant,62142.89,0.79
okx,61492.9,indodax,61952.04298,0.75
bequant,61654.99,gateio,61815.9,0.26
bitmart,61535.02,ascendex,61665.0,0.21
bitget,61458.55,whitebit,61824.82,0.6
phemex,61621.21,bitrue,61935.25,0.51
zonda,61436.871239,bitcoincom,61636.8,0.33
cryptocom,61209.87,indodax,61566.363098,0.58
huobi,61212.74,indodax,61566.363098,0.58
bitget,61229.56,kucoin,61460.8,0.38
bingx,61274.01,bitmart,61369.73,0.16
poloniex,61073.06,bequant,61312.57,0.39
indodax,61000.0,mexc,61372.85,0.61
indodax,61000.0,bigone,61394.08,0.65
indodax,61000.0,whitebit,61280.92,0.46
indodax,61000.0,whitebit,61421.75,0.69
indodax,61000.0,bitmart,61509.99,0.84
poloniex,61186.1,fmfwio,61485.72,0.49
poloniex,61090.4,bitget,61505.9,0.68
poloniex,61061.06,ascendex,61357.19,0.48
poloniex,61170.49,bitstamp,61372.0,0.33
yobit,61300.0,okx,61505.2,0.33
poloniex,61242.92,bequant,61475.73,0.38
phemex,61150.01,bitfinex,61325.0,0.29
bitrue,61095.01,hitbtc3,61229.26,0.22
bitfinex2,61147.0,hitbtc3,61318.76,0.28
bequant,61230.37,mexc,61454.06,0.37
yobit,61300.0,cryptocom,61484.64,0.3
indodax,61300.0,whitebit,61528.09,0.37
yobit,61300.0,huobi,61704.99,0.66
yobit,61300.0,whitebit,61686.94,0.63
yobit,61300.0,bitfinex2,61717.0,0.68
yobit,61300.0,phemex,61685.85,0.63
yobit,61300.0,phemex,61691.05,0.64
yobit,61300.0,bequant,61600.0,0.49
zonda,61277.793707,phemex,61450.0,0.28
zonda,61238.747012,phemex,61370.09,0.21
bitget,61157.9,mexc,61338.5,0.3
bitcoincom,61172.26,whitebit,61356.92,0.3
yobit,61300.0,poloniex,61455.25,0.25
yobit,61300.0,htx,61508.32,0.34
yobit,61300.0,whitebit,61535.82,0.38
zonda,61376.639039,btcalpha,61570.0,0.32
kucoin,61336.0,wazirx,61421.0,0.14
bitbay,61378.01082,whitebit,61537.75,0.26
yobit,61400.0,latoken,61700.87,0.49
yobit,61525.16075539,oceanex,61775.27,0.41
yobit,61525.16075539,cryptocom,61796.06,0.44
yobit,61525.16075539,wazirx,61902.0,0.61
yobit,61525.16075539,luno,61999.99,0.77
binanceus,61903.15,p2b,62451.07,0.89
luno,62000.0,whitebit,62591.63,0.95
luno,62000.0,bingx,62594.48,0.96
luno,62000.0,bingx,62530.52,0.86
luno,62000.0,indodax,62331.580004,0.53
latoken,62071.1,indodax,62325.110004,0.41
whitebit,61881.23,bitmex,62111.0,0.37
ascendex,61844.77,phemex,62029.84,0.3
bitrue,61846.52,wazirx,62193.0,0.56
coinex,61954.59,gate,62126.3,0.28
binanceus,61840.0,whitebit,62106.38,0.43
binanceus,61840.0,bingx,62201.78,0.59
binanceus,62039.59,whitebit,62270.59,0.37
binanceus,62099.99,whitebit,62477.59,0.61
phemex,62240.31,bitmex,62700.0,0.74
p2b,62117.39,bitrue,62439.46,0.52
zonda,62251.944459,p2b,62396.71,0.23
bitbay,62252.855642,wazirx,62505.0,0.41
bitrue,62338.49,wazirx,62509.0,0.27
yobit,62235.36787536,whitebit,62546.42,0.5
coinmate,62231.7,whitebit,62585.73,0.57
yobit,62235.36787536,whitebit,62696.8,0.74
yobit,62235.36787536,btcalpha,62762.0,0.85
coinlist,61299.0,bingx,61459.94,0.26
